state,nn1_avg_s,nn2_avg_s
Unbalanced (sorted insert),0.0011638078999999378,0.0012175153999996837
Balanced (after optimise()),0.0005172661999999946,0.0005964825999999448
